transaction_id,date,month,branch,category,amount
TRX0001,2026-01-02,2026-01,Rome EUR,Deposit,4979.84
TRX0002,2026-01-02,2026-01,Rome EUR,Card payment,399.09
TRX0003,2026-01-02,2026-01,Naples Central,Deposit,2219.19
TRX0004,2026-01-02,2026-01,Naples Central,Withdrawal,516.48
TRX0005,2026-01-03,2026-01,Bologna East,Card payment,111.49
TRX0006,2026-01-03,2026-01,Turin North,Withdrawal,248.01
TRX0007,2026-01-03,2026-01,Naples Central,Card payment,184.84
TRX0008,2026-01-03,2026-01,Turin North,Transfer,9622.92
TRX0009,2026-01-04,2026-01,Naples Central,Card payment,119.91
TRX0010,2026-01-06,2026-01,Naples Central,Deposit,2107.33
TRX0011,2026-01-06,2026-01,Naples Central,Card payment,441.71
TRX0012,2026-01-06,2026-01,Bologna East,Card payment,219.41
TRX0013,2026-01-07,2026-01,Rome EUR,Transfer,5537.27
TRX0014,2026-01-08,2026-01,Milan Central,Card payment,204.12
TRX0015,2026-01-08,2026-01,Rome EUR,Transfer,7098.86
TRX0016,2026-01-08,2026-01,Milan Central,Withdrawal,808.94
TRX0017,2026-01-08,2026-01,Naples Central,Deposit,3075.81
TRX0018,2026-01-08,2026-01,Bologna East,Deposit,1133.1
TRX0019,2026-01-09,2026-01,Turin North,Card payment,418.31
TRX0020,2026-01-09,2026-01,Bologna East,Card payment,467.71
TRX0021,2026-01-09,2026-01,Naples Central,Transfer,3340.79
TRX0022,2026-01-10,2026-01,Milan Central,Card payment,162.76
TRX0023,2026-01-10,2026-01,Naples Central,Withdrawal,605.57
TRX0024,2026-01-10,2026-01,Bologna East,Deposit,3402.87
TRX0025,2026-01-11,2026-01,Bologna East,Transfer,2094.5
TRX0026,2026-01-11,2026-01,Rome EUR,Card payment,260.11
TRX0027,2026-01-12,2026-01,Rome EUR,Transfer,859.64
TRX0028,2026-01-12,2026-01,Bologna East,Transfer,4340.94
TRX0029,2026-01-12,2026-01,Turin North,Card payment,326.82
TRX0030,2026-01-12,2026-01,Rome EUR,Withdrawal,680.33
TRX0031,2026-01-13,2026-01,Milan Central,Card payment,439.11
TRX0032,2026-01-13,2026-01,Rome EUR,Withdrawal,675.5
TRX0033,2026-01-14,2026-01,Milan Central,Withdrawal,248.34
TRX0034,2026-01-14,2026-01,Naples Central,Deposit,3462.39
TRX0035,2026-01-14,2026-01,Milan Central,Card payment,201.24
TRX0036,2026-01-15,2026-01,Milan Central,Deposit,4317.44
TRX0037,2026-01-15,2026-01,Milan Central,Transfer,8128.57
TRX0038,2026-01-16,2026-01,Bologna East,Transfer,1752.13
TRX0039,2026-01-16,2026-01,Naples Central,Card payment,216.01
TRX0040,2026-01-18,2026-01,Naples Central,Withdrawal,111.35
TRX0041,2026-01-20,2026-01,Turin North,Deposit,1230.8
TRX0042,2026-01-20,2026-01,Bologna East,Card payment,310.4
TRX0043,2026-01-22,2026-01,Milan Central,Card payment,342.45
TRX0044,2026-01-22,2026-01,Bologna East,Card payment,233.68
TRX0045,2026-01-22,2026-01,Turin North,Card payment,387.67
TRX0046,2026-01-24,2026-01,Rome EUR,Transfer,2524.43
TRX0047,2026-01-24,2026-01,Turin North,Withdrawal,586.75
TRX0048,2026-01-26,2026-01,Bologna East,Card payment,295.85
TRX0049,2026-01-26,2026-01,Turin North,Deposit,1495.85
TRX0050,2026-01-27,2026-01,Naples Central,Deposit,3950.41
TRX0051,2026-01-28,2026-01,Milan Central,Transfer,1962.82
TRX0052,2026-01-28,2026-01,Naples Central,Deposit,1151.05
TRX0053,2026-01-28,2026-01,Milan Central,Deposit,806.56
TRX0054,2026-01-28,2026-01,Milan Central,Transfer,2521.06
TRX0055,2026-01-28,2026-01,Rome EUR,Card payment,106.7
TRX0056,2026-02-01,2026-02,Naples Central,Card payment,312.47
TRX0057,2026-02-01,2026-02,Turin North,Deposit,2410.19
TRX0058,2026-02-01,2026-02,Naples Central,Withdrawal,752.07
TRX0059,2026-02-01,2026-02,Bologna East,Card payment,38.43
TRX0060,2026-02-01,2026-02,Milan Central,Withdrawal,213.8
TRX0061,2026-02-02,2026-02,Bologna East,Card payment,136.0
TRX0062,2026-02-02,2026-02,Naples Central,Card payment,365.47
TRX0063,2026-02-03,2026-02,Milan Central,Withdrawal,944.1
TRX0064,2026-02-03,2026-02,Bologna East,Transfer,2210.23
TRX0065,2026-02-03,2026-02,Turin North,Transfer,5501.34
TRX0066,2026-02-04,2026-02,Bologna East,Transfer,7817.49
TRX0067,2026-02-05,2026-02,Rome EUR,Deposit,83.5
TRX0068,2026-02-06,2026-02,Turin North,Withdrawal,190.34
TRX0069,2026-02-06,2026-02,Bologna East,Card payment,199.56
TRX0070,2026-02-06,2026-02,Naples Central,Card payment,234.66
TRX0071,2026-02-07,2026-02,Turin North,Withdrawal,784.34
TRX0072,2026-02-07,2026-02,Turin North,Transfer,2443.69
TRX0073,2026-02-07,2026-02,Milan Central,Card payment,223.31
TRX0074,2026-02-07,2026-02,Bologna East,Withdrawal,878.84
TRX0075,2026-02-08,2026-02,Turin North,Transfer,733.86
TRX0076,2026-02-08,2026-02,Turin North,Card payment,99.15
TRX0077,2026-02-08,2026-02,Rome EUR,Deposit,4987.26
TRX0078,2026-02-08,2026-02,Naples Central,Card payment,246.85
TRX0079,2026-02-09,2026-02,Naples Central,Deposit,1732.38
TRX0080,2026-02-09,2026-02,Naples Central,Withdrawal,262.96
TRX0081,2026-02-10,2026-02,Naples Central,Transfer,4762.35
TRX0082,2026-02-10,2026-02,Bologna East,Card payment,191.46
TRX0083,2026-02-10,2026-02,Naples Central,Deposit,4606.71
TRX0084,2026-02-11,2026-02,Milan Central,Transfer,5623.84
TRX0085,2026-02-11,2026-02,Turin North,Card payment,444.53
TRX0086,2026-02-11,2026-02,Turin North,Deposit,3669.04
TRX0087,2026-02-12,2026-02,Turin North,Deposit,3678.06
TRX0088,2026-02-12,2026-02,Naples Central,Card payment,295.08
TRX0089,2026-02-13,2026-02,Bologna East,Transfer,7523.04
TRX0090,2026-02-13,2026-02,Rome EUR,Deposit,3984.74
TRX0091,2026-02-14,2026-02,Turin North,Card payment,78.36
TRX0092,2026-02-15,2026-02,Bologna East,Card payment,53.46
TRX0093,2026-02-15,2026-02,Turin North,Withdrawal,805.39
TRX0094,2026-02-15,2026-02,Milan Central,Card payment,325.62
TRX0095,2026-02-15,2026-02,Turin North,Deposit,4498.46
TRX0096,2026-02-15,2026-02,Rome EUR,Deposit,840.6
TRX0097,2026-02-16,2026-02,Milan Central,Deposit,1471.1
TRX0098,2026-02-16,2026-02,Naples Central,Card payment,324.23
TRX0099,2026-02-17,2026-02,Milan Central,Transfer,1875.51
TRX0100,2026-02-17,2026-02,Milan Central,Withdrawal,245.17
TRX0101,2026-02-18,2026-02,Rome EUR,Withdrawal,965.34
TRX0102,2026-02-18,2026-02,Milan Central,Deposit,1722.86
TRX0103,2026-02-19,2026-02,Turin North,Withdrawal,538.87
TRX0104,2026-02-19,2026-02,Naples Central,Deposit,1790.1
TRX0105,2026-02-19,2026-02,Turin North,Withdrawal,600.38
TRX0106,2026-02-19,2026-02,Bologna East,Card payment,35.83
TRX0107,2026-02-19,2026-02,Milan Central,Card payment,400.75
TRX0108,2026-02-19,2026-02,Turin North,Transfer,4703.84
TRX0109,2026-02-19,2026-02,Milan Central,Deposit,1180.6
TRX0110,2026-02-20,2026-02,Naples Central,Withdrawal,358.77
TRX0111,2026-02-20,2026-02,Bologna East,Card payment,256.0
TRX0112,2026-02-21,2026-02,Naples Central,Card payment,415.53
TRX0113,2026-02-21,2026-02,Milan Central,Card payment,51.28
TRX0114,2026-02-21,2026-02,Naples Central,Card payment,72.17
TRX0115,2026-02-22,2026-02,Bologna East,Deposit,480.35
TRX0116,2026-02-23,2026-02,Bologna East,Transfer,8526.54
TRX0117,2026-02-24,2026-02,Bologna East,Deposit,4756.84
TRX0118,2026-02-25,2026-02,Turin North,Card payment,482.54
TRX0119,2026-02-25,2026-02,Turin North,Card payment,314.63
TRX0120,2026-02-25,2026-02,Naples Central,Card payment,113.33
TRX0121,2026-02-25,2026-02,Rome EUR,Withdrawal,364.12
TRX0122,2026-02-25,2026-02,Turin North,Deposit,1088.9
TRX0123,2026-02-25,2026-02,Naples Central,Withdrawal,867.61
TRX0124,2026-02-26,2026-02,Rome EUR,Withdrawal,448.21
TRX0125,2026-02-26,2026-02,Bologna East,Card payment,201.87
TRX0126,2026-02-26,2026-02,Rome EUR,Withdrawal,674.48
TRX0127,2026-02-27,2026-02,Milan Central,Card payment,383.35
TRX0128,2026-02-27,2026-02,Rome EUR,Withdrawal,795.55
TRX0129,2026-02-27,2026-02,Milan Central,Transfer,1022.98
TRX0130,2026-02-27,2026-02,Naples Central,Card payment,338.12
TRX0131,2026-02-28,2026-02,Naples Central,Withdrawal,109.84
TRX0132,2026-02-28,2026-02,Turin North,Card payment,38.92
TRX0133,2026-02-28,2026-02,Milan Central,Card payment,289.16
TRX0134,2026-02-28,2026-02,Naples Central,Card payment,348.55
TRX0135,2026-03-01,2026-03,Naples Central,Withdrawal,857.51
TRX0136,2026-03-02,2026-03,Naples Central,Card payment,43.79
TRX0137,2026-03-03,2026-03,Rome EUR,Card payment,422.99
TRX0138,2026-03-03,2026-03,Rome EUR,Transfer,1313.02
TRX0139,2026-03-03,2026-03,Turin North,Withdrawal,289.52
TRX0140,2026-03-03,2026-03,Turin North,Withdrawal,445.98
TRX0141,2026-03-04,2026-03,Milan Central,Card payment,264.57
TRX0142,2026-03-04,2026-03,Turin North,Transfer,4550.71
TRX0143,2026-03-04,2026-03,Milan Central,Transfer,1404.85
TRX0144,2026-03-04,2026-03,Milan Central,Card payment,35.53
TRX0145,2026-03-06,2026-03,Turin North,Card payment,298.3
TRX0146,2026-03-06,2026-03,Rome EUR,Transfer,8435.65
TRX0147,2026-03-08,2026-03,Rome EUR,Card payment,134.19
TRX0148,2026-03-08,2026-03,Turin North,Deposit,3571.4
TRX0149,2026-03-08,2026-03,Rome EUR,Withdrawal,651.73
TRX0150,2026-03-09,2026-03,Naples Central,Withdrawal,907.2
TRX0151,2026-03-09,2026-03,Turin North,Transfer,2541.61
TRX0152,2026-03-11,2026-03,Bologna East,Card payment,162.67
TRX0153,2026-03-12,2026-03,Turin North,Withdrawal,520.61
TRX0154,2026-03-13,2026-03,Rome EUR,Transfer,7366.55
TRX0155,2026-03-14,2026-03,Milan Central,Card payment,417.68
TRX0156,2026-03-14,2026-03,Naples Central,Withdrawal,884.14
TRX0157,2026-03-15,2026-03,Bologna East,Withdrawal,355.48
TRX0158,2026-03-16,2026-03,Bologna East,Deposit,1965.59
TRX0159,2026-03-17,2026-03,Naples Central,Deposit,2311.15
TRX0160,2026-03-18,2026-03,Rome EUR,Card payment,198.41
TRX0161,2026-03-19,2026-03,Naples Central,Withdrawal,434.58
TRX0162,2026-03-20,2026-03,Bologna East,Withdrawal,687.2
TRX0163,2026-03-21,2026-03,Rome EUR,Deposit,4886.44
TRX0164,2026-03-21,2026-03,Milan Central,Card payment,411.72
TRX0165,2026-03-21,2026-03,Turin North,Card payment,38.86
TRX0166,2026-03-21,2026-03,Rome EUR,Card payment,83.69
TRX0167,2026-03-22,2026-03,Naples Central,Deposit,4746.68
TRX0168,2026-03-22,2026-03,Bologna East,Card payment,51.26
TRX0169,2026-03-23,2026-03,Rome EUR,Card payment,51.05
TRX0170,2026-03-23,2026-03,Turin North,Withdrawal,82.94
TRX0171,2026-03-24,2026-03,Milan Central,Withdrawal,949.81
TRX0172,2026-03-24,2026-03,Naples Central,Withdrawal,535.56
TRX0173,2026-03-25,2026-03,Bologna East,Withdrawal,484.05
TRX0174,2026-03-25,2026-03,Milan Central,Transfer,948.5
TRX0175,2026-03-25,2026-03,Naples Central,Deposit,1903.58
TRX0176,2026-03-26,2026-03,Rome EUR,Deposit,2995.47
TRX0177,2026-03-26,2026-03,Turin North,Withdrawal,883.79
TRX0178,2026-03-26,2026-03,Bologna East,Withdrawal,221.1
TRX0179,2026-03-26,2026-03,Turin North,Deposit,4076.97
TRX0180,2026-03-27,2026-03,Rome EUR,Transfer,9194.96
TRX0181,2026-03-27,2026-03,Rome EUR,Card payment,467.21
TRX0182,2026-03-28,2026-03,Bologna East,Card payment,236.67
TRX0183,2026-03-28,2026-03,Bologna East,Withdrawal,784.23
TRX0184,2026-04-01,2026-04,Rome EUR,Transfer,3897.39
TRX0185,2026-04-01,2026-04,Turin North,Card payment,202.24
TRX0186,2026-04-02,2026-04,Turin North,Withdrawal,104.49
TRX0187,2026-04-02,2026-04,Rome EUR,Card payment,191.7
TRX0188,2026-04-04,2026-04,Milan Central,Card payment,331.2
TRX0189,2026-04-05,2026-04,Rome EUR,Card payment,487.24
TRX0190,2026-04-05,2026-04,Rome EUR,Transfer,7648.86
TRX0191,2026-04-05,2026-04,Naples Central,Transfer,2320.02
TRX0192,2026-04-05,2026-04,Turin North,Card payment,412.72
TRX0193,2026-04-06,2026-04,Bologna East,Deposit,806.71
TRX0194,2026-04-06,2026-04,Milan Central,Card payment,127.69
TRX0195,2026-04-06,2026-04,Naples Central,Card payment,245.39
TRX0196,2026-04-06,2026-04,Rome EUR,Deposit,1435.28
TRX0197,2026-04-07,2026-04,Naples Central,Card payment,141.87
TRX0198,2026-04-07,2026-04,Rome EUR,Deposit,3774.01
TRX0199,2026-04-08,2026-04,Naples Central,Withdrawal,359.24
TRX0200,2026-04-09,2026-04,Milan Central,Card payment,355.85
TRX0201,2026-04-09,2026-04,Bologna East,Deposit,1527.57
TRX0202,2026-04-09,2026-04,Turin North,Card payment,394.75
TRX0203,2026-04-09,2026-04,Turin North,Deposit,1684.8
TRX0204,2026-04-10,2026-04,Milan Central,Card payment,28.64
TRX0205,2026-04-10,2026-04,Bologna East,Deposit,3933.31
TRX0206,2026-04-10,2026-04,Turin North,Transfer,9690.22
TRX0207,2026-04-11,2026-04,Naples Central,Deposit,1000.43
TRX0208,2026-04-12,2026-04,Bologna East,Transfer,9417.31
TRX0209,2026-04-12,2026-04,Rome EUR,Deposit,1734.68
TRX0210,2026-04-13,2026-04,Bologna East,Withdrawal,73.69
TRX0211,2026-04-13,2026-04,Milan Central,Deposit,4710.9
TRX0212,2026-04-13,2026-04,Milan Central,Transfer,7334.56
TRX0213,2026-04-14,2026-04,Bologna East,Withdrawal,727.6
TRX0214,2026-04-14,2026-04,Naples Central,Transfer,9615.73
TRX0215,2026-04-15,2026-04,Rome EUR,Card payment,297.89
TRX0216,2026-04-15,2026-04,Bologna East,Transfer,4352.57
TRX0217,2026-04-15,2026-04,Rome EUR,Transfer,4649.75
TRX0218,2026-04-16,2026-04,Naples Central,Deposit,608.08
TRX0219,2026-04-16,2026-04,Rome EUR,Card payment,164.82
TRX0220,2026-04-17,2026-04,Naples Central,Deposit,95.97
TRX0221,2026-04-17,2026-04,Naples Central,Withdrawal,797.86
TRX0222,2026-04-17,2026-04,Naples Central,Transfer,3548.17
TRX0223,2026-04-18,2026-04,Turin North,Card payment,158.19
TRX0224,2026-04-18,2026-04,Turin North,Card payment,363.06
TRX0225,2026-04-18,2026-04,Turin North,Deposit,1973.8
TRX0226,2026-04-18,2026-04,Turin North,Transfer,7158.19
TRX0227,2026-04-19,2026-04,Naples Central,Transfer,1954.41
TRX0228,2026-04-19,2026-04,Rome EUR,Withdrawal,35.47
TRX0229,2026-04-20,2026-04,Bologna East,Deposit,3744.15
TRX0230,2026-04-21,2026-04,Turin North,Withdrawal,684.14
TRX0231,2026-04-22,2026-04,Milan Central,Withdrawal,366.61
TRX0232,2026-04-23,2026-04,Milan Central,Transfer,912.18
TRX0233,2026-04-23,2026-04,Turin North,Transfer,3069.75
TRX0234,2026-04-24,2026-04,Bologna East,Transfer,7628.77
TRX0235,2026-04-24,2026-04,Naples Central,Transfer,3025.87
TRX0236,2026-04-25,2026-04,Milan Central,Withdrawal,157.33
TRX0237,2026-04-25,2026-04,Turin North,Card payment,251.64
TRX0238,2026-04-25,2026-04,Turin North,Withdrawal,768.88
TRX0239,2026-04-26,2026-04,Naples Central,Withdrawal,311.49
TRX0240,2026-04-27,2026-04,Turin North,Card payment,417.88
TRX0241,2026-04-27,2026-04,Milan Central,Deposit,3793.09
TRX0242,2026-04-27,2026-04,Bologna East,Card payment,162.86
TRX0243,2026-04-27,2026-04,Milan Central,Card payment,128.5
TRX0244,2026-04-28,2026-04,Rome EUR,Withdrawal,117.37
TRX0245,2026-04-28,2026-04,Naples Central,Deposit,4837.99
TRX0246,2026-04-28,2026-04,Milan Central,Card payment,193.16
TRX0247,2026-05-01,2026-05,Bologna East,Withdrawal,816.89
TRX0248,2026-05-02,2026-05,Naples Central,Deposit,4376.88
TRX0249,2026-05-02,2026-05,Rome EUR,Card payment,477.88
TRX0250,2026-05-02,2026-05,Naples Central,Card payment,267.07
TRX0251,2026-05-02,2026-05,Rome EUR,Transfer,2250.97
TRX0252,2026-05-03,2026-05,Rome EUR,Card payment,128.94
TRX0253,2026-05-03,2026-05,Bologna East,Card payment,196.83
TRX0254,2026-05-03,2026-05,Bologna East,Withdrawal,922.51
TRX0255,2026-05-03,2026-05,Turin North,Card payment,63.63
TRX0256,2026-05-04,2026-05,Turin North,Withdrawal,105.55
TRX0257,2026-05-06,2026-05,Bologna East,Deposit,4814.54
TRX0258,2026-05-06,2026-05,Turin North,Transfer,3294.34
TRX0259,2026-05-08,2026-05,Naples Central,Deposit,3474.35
TRX0260,2026-05-08,2026-05,Rome EUR,Card payment,93.82
TRX0261,2026-05-08,2026-05,Rome EUR,Deposit,3310.38
TRX0262,2026-05-09,2026-05,Naples Central,Card payment,429.83
TRX0263,2026-05-09,2026-05,Turin North,Transfer,1294.49
TRX0264,2026-05-10,2026-05,Naples Central,Withdrawal,610.57
TRX0265,2026-05-10,2026-05,Milan Central,Transfer,4869.21
TRX0266,2026-05-11,2026-05,Rome EUR,Withdrawal,590.81
TRX0267,2026-05-11,2026-05,Rome EUR,Card payment,8.02
TRX0268,2026-05-11,2026-05,Milan Central,Card payment,278.78
TRX0269,2026-05-12,2026-05,Turin North,Withdrawal,693.08
TRX0270,2026-05-12,2026-05,Milan Central,Transfer,3444.87
TRX0271,2026-05-12,2026-05,Bologna East,Withdrawal,885.16
TRX0272,2026-05-12,2026-05,Milan Central,Transfer,8671.4
TRX0273,2026-05-12,2026-05,Bologna East,Transfer,2286.41
TRX0274,2026-05-13,2026-05,Naples Central,Transfer,5383.14
TRX0275,2026-05-13,2026-05,Bologna East,Deposit,2119.77
TRX0276,2026-05-15,2026-05,Bologna East,Transfer,6093.73
TRX0277,2026-05-15,2026-05,Milan Central,Card payment,237.01
TRX0278,2026-05-15,2026-05,Rome EUR,Withdrawal,855.43
TRX0279,2026-05-15,2026-05,Rome EUR,Withdrawal,215.23
TRX0280,2026-05-19,2026-05,Bologna East,Card payment,34.81
TRX0281,2026-05-19,2026-05,Milan Central,Card payment,382.74
TRX0282,2026-05-20,2026-05,Rome EUR,Card payment,179.06
TRX0283,2026-05-21,2026-05,Rome EUR,Transfer,6958.41
TRX0284,2026-05-21,2026-05,Rome EUR,Withdrawal,864.26
TRX0285,2026-05-21,2026-05,Milan Central,Withdrawal,909.78
TRX0286,2026-05-22,2026-05,Rome EUR,Card payment,152.21
TRX0287,2026-05-23,2026-05,Bologna East,Deposit,2046.76
TRX0288,2026-05-23,2026-05,Rome EUR,Transfer,4295.69
TRX0289,2026-05-23,2026-05,Turin North,Deposit,3207.45
TRX0290,2026-05-23,2026-05,Rome EUR,Withdrawal,41.5
TRX0291,2026-05-24,2026-05,Bologna East,Transfer,4341.49
TRX0292,2026-05-24,2026-05,Bologna East,Withdrawal,875.81
TRX0293,2026-05-24,2026-05,Milan Central,Deposit,3868.58
TRX0294,2026-05-24,2026-05,Milan Central,Card payment,146.11
TRX0295,2026-05-25,2026-05,Rome EUR,Transfer,7069.97
TRX0296,2026-05-25,2026-05,Rome EUR,Transfer,1204.37
TRX0297,2026-05-25,2026-05,Rome EUR,Card payment,353.93
TRX0298,2026-05-25,2026-05,Turin North,Card payment,305.5
TRX0299,2026-05-26,2026-05,Naples Central,Card payment,146.2
TRX0300,2026-05-26,2026-05,Milan Central,Withdrawal,763.63
TRX0301,2026-05-27,2026-05,Naples Central,Deposit,3495.56
TRX0302,2026-05-27,2026-05,Milan Central,Card payment,145.01
TRX0303,2026-05-27,2026-05,Naples Central,Card payment,483.86
TRX0304,2026-05-28,2026-05,Turin North,Card payment,403.86
TRX0305,2026-05-28,2026-05,Turin North,Transfer,9876.52
TRX0306,2026-06-01,2026-06,Naples Central,Card payment,426.22
TRX0307,2026-06-01,2026-06,Naples Central,Deposit,483.76
TRX0308,2026-06-01,2026-06,Naples Central,Transfer,1451.69
TRX0309,2026-06-01,2026-06,Turin North,Deposit,2955.83
TRX0310,2026-06-01,2026-06,Rome EUR,Withdrawal,787.88
TRX0311,2026-06-02,2026-06,Naples Central,Card payment,30.32
TRX0312,2026-06-03,2026-06,Naples Central,Card payment,423.02
TRX0313,2026-06-03,2026-06,Turin North,Withdrawal,382.14
TRX0314,2026-06-03,2026-06,Naples Central,Card payment,11.89
TRX0315,2026-06-03,2026-06,Bologna East,Transfer,1210.87
TRX0316,2026-06-03,2026-06,Bologna East,Deposit,1228.12
TRX0317,2026-06-03,2026-06,Naples Central,Card payment,431.57
TRX0318,2026-06-04,2026-06,Turin North,Card payment,238.38
TRX0319,2026-06-04,2026-06,Milan Central,Card payment,193.06
TRX0320,2026-06-05,2026-06,Milan Central,Card payment,357.02
TRX0321,2026-06-05,2026-06,Turin North,Withdrawal,737.7
TRX0322,2026-06-06,2026-06,Rome EUR,Transfer,3617.18
TRX0323,2026-06-06,2026-06,Bologna East,Withdrawal,470.89
TRX0324,2026-06-06,2026-06,Rome EUR,Withdrawal,325.4
TRX0325,2026-06-06,2026-06,Bologna East,Withdrawal,615.1
TRX0326,2026-06-06,2026-06,Turin North,Card payment,361.56
TRX0327,2026-06-08,2026-06,Turin North,Transfer,5144.31
TRX0328,2026-06-09,2026-06,Naples Central,Withdrawal,612.88
TRX0329,2026-06-10,2026-06,Naples Central,Card payment,484.04
TRX0330,2026-06-10,2026-06,Milan Central,Withdrawal,227.57
TRX0331,2026-06-11,2026-06,Turin North,Transfer,4629.75
TRX0332,2026-06-11,2026-06,Turin North,Deposit,1964.85
TRX0333,2026-06-12,2026-06,Naples Central,Card payment,474.99
TRX0334,2026-06-12,2026-06,Turin North,Deposit,1219.53
TRX0335,2026-06-12,2026-06,Rome EUR,Deposit,728.79
TRX0336,2026-06-12,2026-06,Rome EUR,Transfer,3935.42
TRX0337,2026-06-13,2026-06,Rome EUR,Card payment,409.16
TRX0338,2026-06-14,2026-06,Turin North,Withdrawal,259.31
TRX0339,2026-06-14,2026-06,Naples Central,Card payment,147.67
TRX0340,2026-06-15,2026-06,Naples Central,Card payment,167.01
TRX0341,2026-06-15,2026-06,Rome EUR,Withdrawal,233.84
TRX0342,2026-06-17,2026-06,Milan Central,Transfer,3173.04
TRX0343,2026-06-17,2026-06,Bologna East,Deposit,575.61
TRX0344,2026-06-17,2026-06,Bologna East,Card payment,457.18
TRX0345,2026-06-17,2026-06,Rome EUR,Card payment,423.74
TRX0346,2026-06-18,2026-06,Rome EUR,Transfer,827.96
TRX0347,2026-06-18,2026-06,Bologna East,Transfer,3752.22
TRX0348,2026-06-18,2026-06,Milan Central,Deposit,3004.78
TRX0349,2026-06-19,2026-06,Rome EUR,Withdrawal,646.16
TRX0350,2026-06-20,2026-06,Turin North,Deposit,195.05
TRX0351,2026-06-20,2026-06,Turin North,Transfer,3194.57
TRX0352,2026-06-20,2026-06,Naples Central,Card payment,140.9
TRX0353,2026-06-20,2026-06,Naples Central,Card payment,326.67
TRX0354,2026-06-20,2026-06,Rome EUR,Withdrawal,810.99
TRX0355,2026-06-22,2026-06,Milan Central,Transfer,554.83
TRX0356,2026-06-23,2026-06,Rome EUR,Transfer,2964.4
TRX0357,2026-06-23,2026-06,Turin North,Transfer,2812.38
TRX0358,2026-06-23,2026-06,Milan Central,Deposit,2728.76
TRX0359,2026-06-24,2026-06,Milan Central,Transfer,2456.16
TRX0360,2026-06-24,2026-06,Turin North,Deposit,496.16
TRX0361,2026-06-25,2026-06,Turin North,Deposit,3203.71
TRX0362,2026-06-25,2026-06,Turin North,Withdrawal,215.08
TRX0363,2026-06-25,2026-06,Turin North,Card payment,395.38
TRX0364,2026-06-25,2026-06,Naples Central,Transfer,2854.74
TRX0365,2026-06-26,2026-06,Milan Central,Withdrawal,478.96
TRX0366,2026-06-26,2026-06,Milan Central,Deposit,4499.68
TRX0367,2026-06-27,2026-06,Rome EUR,Deposit,1235.29
TRX0368,2026-06-27,2026-06,Turin North,Withdrawal,833.78
TRX0369,2026-06-27,2026-06,Milan Central,Card payment,260.06
TRX0370,2026-06-28,2026-06,Rome EUR,Card payment,79.72
TRX0371,2026-06-28,2026-06,Turin North,Transfer,8324.24
TRX0372,2026-07-01,2026-07,Milan Central,Transfer,5341.23
TRX0373,2026-07-01,2026-07,Rome EUR,Card payment,209.84
TRX0374,2026-07-02,2026-07,Rome EUR,Card payment,434.19
TRX0375,2026-07-02,2026-07,Bologna East,Withdrawal,866.8
TRX0376,2026-07-02,2026-07,Turin North,Withdrawal,391.39
TRX0377,2026-07-03,2026-07,Naples Central,Card payment,495.4
TRX0378,2026-07-03,2026-07,Rome EUR,Withdrawal,960.11
TRX0379,2026-07-03,2026-07,Turin North,Deposit,4092.68
TRX0380,2026-07-03,2026-07,Rome EUR,Withdrawal,240.05
TRX0381,2026-07-03,2026-07,Naples Central,Deposit,3032.14
TRX0382,2026-07-04,2026-07,Naples Central,Withdrawal,792.96
TRX0383,2026-07-04,2026-07,Milan Central,Withdrawal,116.63
TRX0384,2026-07-04,2026-07,Milan Central,Card payment,224.62
TRX0385,2026-07-05,2026-07,Naples Central,Deposit,1037.32
TRX0386,2026-07-05,2026-07,Rome EUR,Card payment,365.12
TRX0387,2026-07-05,2026-07,Turin North,Transfer,9318.48
TRX0388,2026-07-05,2026-07,Turin North,Card payment,20.63
TRX0389,2026-07-06,2026-07,Rome EUR,Withdrawal,473.38
TRX0390,2026-07-06,2026-07,Turin North,Transfer,8032.47
TRX0391,2026-07-06,2026-07,Turin North,Deposit,1381.15
TRX0392,2026-07-08,2026-07,Naples Central,Withdrawal,62.77
TRX0393,2026-07-09,2026-07,Bologna East,Withdrawal,549.18
TRX0394,2026-07-09,2026-07,Bologna East,Deposit,366.17
TRX0395,2026-07-09,2026-07,Milan Central,Card payment,237.8
TRX0396,2026-07-09,2026-07,Milan Central,Card payment,285.13
TRX0397,2026-07-10,2026-07,Turin North,Transfer,2042.3
TRX0398,2026-07-11,2026-07,Rome EUR,Deposit,819.62
TRX0399,2026-07-11,2026-07,Turin North,Withdrawal,68.31
TRX0400,2026-07-11,2026-07,Rome EUR,Transfer,6734.32
TRX0401,2026-07-12,2026-07,Bologna East,Card payment,343.06
TRX0402,2026-07-12,2026-07,Turin North,Withdrawal,456.86
TRX0403,2026-07-13,2026-07,Rome EUR,Card payment,477.53
TRX0404,2026-07-15,2026-07,Milan Central,Withdrawal,679.9
TRX0405,2026-07-17,2026-07,Milan Central,Withdrawal,867.34
TRX0406,2026-07-17,2026-07,Milan Central,Card payment,340.21
TRX0407,2026-07-17,2026-07,Milan Central,Card payment,416.54
TRX0408,2026-07-18,2026-07,Turin North,Deposit,2526.3
TRX0409,2026-07-18,2026-07,Bologna East,Transfer,9242.61
TRX0410,2026-07-18,2026-07,Milan Central,Card payment,396.41
TRX0411,2026-07-19,2026-07,Bologna East,Deposit,4207.28
TRX0412,2026-07-20,2026-07,Turin North,Transfer,9265.06
TRX0413,2026-07-20,2026-07,Turin North,Deposit,2513.45
TRX0414,2026-07-20,2026-07,Bologna East,Card payment,62.24
TRX0415,2026-07-23,2026-07,Naples Central,Deposit,2652.19
TRX0416,2026-07-23,2026-07,Bologna East,Transfer,9136.69
TRX0417,2026-07-23,2026-07,Turin North,Withdrawal,422.17
TRX0418,2026-07-23,2026-07,Rome EUR,Withdrawal,331.7
TRX0419,2026-07-23,2026-07,Rome EUR,Withdrawal,563.32
TRX0420,2026-07-23,2026-07,Turin North,Card payment,42.62
TRX0421,2026-07-24,2026-07,Milan Central,Transfer,3194.23
TRX0422,2026-07-25,2026-07,Bologna East,Card payment,473.3
TRX0423,2026-07-27,2026-07,Naples Central,Card payment,260.06
TRX0424,2026-07-27,2026-07,Bologna East,Deposit,2122.23
TRX0425,2026-07-28,2026-07,Bologna East,Card payment,21.03
TRX0426,2026-07-28,2026-07,Bologna East,Transfer,9748.01
TRX0427,2026-07-28,2026-07,Naples Central,Withdrawal,547.46
TRX0428,2026-08-01,2026-08,Naples Central,Card payment,343.19
TRX0429,2026-08-01,2026-08,Milan Central,Transfer,9301.39
TRX0430,2026-08-01,2026-08,Rome EUR,Withdrawal,972.45
TRX0431,2026-08-01,2026-08,Naples Central,Deposit,1051.48
TRX0432,2026-08-02,2026-08,Turin North,Transfer,765.61
TRX0433,2026-08-02,2026-08,Naples Central,Deposit,1853.28
TRX0434,2026-08-02,2026-08,Rome EUR,Deposit,1047.88
TRX0435,2026-08-02,2026-08,Rome EUR,Withdrawal,942.75
TRX0436,2026-08-03,2026-08,Bologna East,Card payment,225.51
TRX0437,2026-08-03,2026-08,Turin North,Card payment,462.34
TRX0438,2026-08-03,2026-08,Rome EUR,Withdrawal,249.8
TRX0439,2026-08-04,2026-08,Naples Central,Withdrawal,961.57
TRX0440,2026-08-04,2026-08,Turin North,Withdrawal,393.74
TRX0441,2026-08-04,2026-08,Milan Central,Withdrawal,412.69
TRX0442,2026-08-05,2026-08,Naples Central,Card payment,375.13
TRX0443,2026-08-06,2026-08,Turin North,Card payment,486.22
TRX0444,2026-08-06,2026-08,Naples Central,Card payment,227.78
TRX0445,2026-08-07,2026-08,Naples Central,Deposit,3717.68
TRX0446,2026-08-08,2026-08,Naples Central,Deposit,2870.76
TRX0447,2026-08-08,2026-08,Naples Central,Withdrawal,352.15
TRX0448,2026-08-08,2026-08,Naples Central,Transfer,6334.63
TRX0449,2026-08-09,2026-08,Rome EUR,Card payment,431.79
TRX0450,2026-08-09,2026-08,Turin North,Withdrawal,840.34
TRX0451,2026-08-10,2026-08,Naples Central,Transfer,329.45
TRX0452,2026-08-10,2026-08,Bologna East,Card payment,83.2
TRX0453,2026-08-11,2026-08,Naples Central,Card payment,177.66
TRX0454,2026-08-11,2026-08,Turin North,Transfer,9658.43
TRX0455,2026-08-11,2026-08,Turin North,Transfer,9809.67
TRX0456,2026-08-12,2026-08,Naples Central,Transfer,4684.33
TRX0457,2026-08-12,2026-08,Rome EUR,Transfer,5887.14
TRX0458,2026-08-12,2026-08,Bologna East,Transfer,2740.53
TRX0459,2026-08-12,2026-08,Rome EUR,Card payment,411.17
TRX0460,2026-08-12,2026-08,Rome EUR,Withdrawal,560.88
TRX0461,2026-08-13,2026-08,Rome EUR,Withdrawal,974.25
TRX0462,2026-08-13,2026-08,Turin North,Card payment,78.05
TRX0463,2026-08-14,2026-08,Bologna East,Transfer,4842.41
TRX0464,2026-08-14,2026-08,Bologna East,Card payment,101.25
TRX0465,2026-08-15,2026-08,Bologna East,Transfer,3510.7
TRX0466,2026-08-15,2026-08,Rome EUR,Card payment,259.05
TRX0467,2026-08-15,2026-08,Rome EUR,Card payment,390.17
TRX0468,2026-08-15,2026-08,Rome EUR,Transfer,8615.65
TRX0469,2026-08-15,2026-08,Naples Central,Transfer,8274.77
TRX0470,2026-08-16,2026-08,Turin North,Card payment,379.18
TRX0471,2026-08-16,2026-08,Turin North,Withdrawal,467.65
TRX0472,2026-08-17,2026-08,Rome EUR,Withdrawal,605.03
TRX0473,2026-08-17,2026-08,Rome EUR,Withdrawal,971.66
TRX0474,2026-08-17,2026-08,Naples Central,Card payment,78.73
TRX0475,2026-08-18,2026-08,Bologna East,Transfer,1220.79
TRX0476,2026-08-18,2026-08,Rome EUR,Deposit,919.01
TRX0477,2026-08-19,2026-08,Turin North,Transfer,4815.0
TRX0478,2026-08-20,2026-08,Naples Central,Withdrawal,194.03
TRX0479,2026-08-20,2026-08,Rome EUR,Card payment,377.43
TRX0480,2026-08-20,2026-08,Bologna East,Withdrawal,73.93
TRX0481,2026-08-20,2026-08,Naples Central,Card payment,210.02
TRX0482,2026-08-21,2026-08,Rome EUR,Deposit,3991.83
TRX0483,2026-08-21,2026-08,Rome EUR,Deposit,3749.33
TRX0484,2026-08-21,2026-08,Bologna East,Withdrawal,533.83
TRX0485,2026-08-22,2026-08,Rome EUR,Deposit,3630.24
TRX0486,2026-08-22,2026-08,Bologna East,Card payment,214.94
TRX0487,2026-08-23,2026-08,Rome EUR,Deposit,3263.74
TRX0488,2026-08-23,2026-08,Milan Central,Card payment,218.51
TRX0489,2026-08-23,2026-08,Naples Central,Card payment,65.11
TRX0490,2026-08-23,2026-08,Turin North,Transfer,4411.32
TRX0491,2026-08-26,2026-08,Milan Central,Withdrawal,373.9
TRX0492,2026-08-27,2026-08,Turin North,Card payment,187.08
TRX0493,2026-08-28,2026-08,Rome EUR,Deposit,507.7
TRX0494,2026-08-28,2026-08,Turin North,Transfer,958.21
TRX0495,2026-08-28,2026-08,Milan Central,Card payment,354.36
TRX0496,2026-08-28,2026-08,Naples Central,Card payment,190.94
TRX0497,2026-09-01,2026-09,Naples Central,Card payment,297.99
TRX0498,2026-09-01,2026-09,Bologna East,Transfer,3309.14
TRX0499,2026-09-02,2026-09,Rome EUR,Transfer,665.94
TRX0500,2026-09-02,2026-09,Milan Central,Transfer,485.25
TRX0501,2026-09-02,2026-09,Naples Central,Card payment,48.59
TRX0502,2026-09-03,2026-09,Bologna East,Withdrawal,648.17
TRX0503,2026-09-03,2026-09,Turin North,Withdrawal,167.81
TRX0504,2026-09-04,2026-09,Naples Central,Card payment,44.01
TRX0505,2026-09-04,2026-09,Rome EUR,Card payment,421.63
TRX0506,2026-09-04,2026-09,Rome EUR,Withdrawal,441.32
TRX0507,2026-09-05,2026-09,Rome EUR,Deposit,275.3
TRX0508,2026-09-05,2026-09,Bologna East,Card payment,442.7
TRX0509,2026-09-06,2026-09,Rome EUR,Transfer,5323.97
TRX0510,2026-09-06,2026-09,Bologna East,Card payment,84.27
TRX0511,2026-09-06,2026-09,Naples Central,Deposit,3281.82
TRX0512,2026-09-07,2026-09,Bologna East,Transfer,4253.25
TRX0513,2026-09-07,2026-09,Bologna East,Card payment,270.65
TRX0514,2026-09-07,2026-09,Bologna East,Card payment,111.9
TRX0515,2026-09-08,2026-09,Bologna East,Card payment,398.45
TRX0516,2026-09-08,2026-09,Bologna East,Deposit,264.66
TRX0517,2026-09-08,2026-09,Milan Central,Transfer,4674.23
TRX0518,2026-09-08,2026-09,Turin North,Deposit,309.83
TRX0519,2026-09-08,2026-09,Bologna East,Deposit,1140.08
TRX0520,2026-09-09,2026-09,Bologna East,Transfer,6835.95
TRX0521,2026-09-09,2026-09,Bologna East,Withdrawal,702.25
TRX0522,2026-09-10,2026-09,Turin North,Withdrawal,785.13
TRX0523,2026-09-10,2026-09,Rome EUR,Card payment,55.79
TRX0524,2026-09-11,2026-09,Naples Central,Withdrawal,760.5
TRX0525,2026-09-11,2026-09,Naples Central,Card payment,207.09
TRX0526,2026-09-11,2026-09,Rome EUR,Transfer,5244.91
TRX0527,2026-09-11,2026-09,Naples Central,Transfer,5302.22
TRX0528,2026-09-11,2026-09,Bologna East,Transfer,2291.54
TRX0529,2026-09-12,2026-09,Naples Central,Card payment,135.75
TRX0530,2026-09-12,2026-09,Milan Central,Deposit,3824.9
TRX0531,2026-09-12,2026-09,Milan Central,Card payment,476.93
TRX0532,2026-09-12,2026-09,Bologna East,Deposit,3794.39
TRX0533,2026-09-12,2026-09,Milan Central,Card payment,184.49
TRX0534,2026-09-13,2026-09,Milan Central,Card payment,342.18
TRX0535,2026-09-14,2026-09,Naples Central,Card payment,280.86
TRX0536,2026-09-14,2026-09,Bologna East,Withdrawal,242.96
TRX0537,2026-09-14,2026-09,Rome EUR,Card payment,231.94
TRX0538,2026-09-15,2026-09,Naples Central,Withdrawal,81.02
TRX0539,2026-09-15,2026-09,Turin North,Card payment,111.5
TRX0540,2026-09-15,2026-09,Rome EUR,Deposit,349.23
TRX0541,2026-09-15,2026-09,Milan Central,Withdrawal,727.99
TRX0542,2026-09-15,2026-09,Milan Central,Deposit,3417.46
TRX0543,2026-09-16,2026-09,Rome EUR,Card payment,23.13
TRX0544,2026-09-16,2026-09,Milan Central,Withdrawal,644.01
TRX0545,2026-09-16,2026-09,Rome EUR,Card payment,453.14
TRX0546,2026-09-17,2026-09,Naples Central,Card payment,207.52
TRX0547,2026-09-18,2026-09,Milan Central,Transfer,3965.49
TRX0548,2026-09-18,2026-09,Rome EUR,Card payment,446.21
TRX0549,2026-09-18,2026-09,Naples Central,Transfer,7116.52
TRX0550,2026-09-18,2026-09,Bologna East,Withdrawal,419.88
TRX0551,2026-09-18,2026-09,Rome EUR,Transfer,6733.13
TRX0552,2026-09-19,2026-09,Turin North,Withdrawal,633.47
TRX0553,2026-09-19,2026-09,Turin North,Withdrawal,574.82
TRX0554,2026-09-19,2026-09,Milan Central,Card payment,91.0
TRX0555,2026-09-20,2026-09,Rome EUR,Transfer,9807.06
TRX0556,2026-09-20,2026-09,Rome EUR,Card payment,475.27
TRX0557,2026-09-20,2026-09,Milan Central,Withdrawal,127.18
TRX0558,2026-09-21,2026-09,Rome EUR,Withdrawal,32.4
TRX0559,2026-09-21,2026-09,Rome EUR,Card payment,34.97
TRX0560,2026-09-21,2026-09,Naples Central,Deposit,4584.56
TRX0561,2026-09-21,2026-09,Milan Central,Deposit,2676.49
TRX0562,2026-09-21,2026-09,Bologna East,Card payment,95.07
TRX0563,2026-09-21,2026-09,Milan Central,Transfer,5287.05
TRX0564,2026-09-22,2026-09,Rome EUR,Deposit,2829.21
TRX0565,2026-09-22,2026-09,Turin North,Deposit,1852.9
TRX0566,2026-09-22,2026-09,Milan Central,Withdrawal,152.88
TRX0567,2026-09-23,2026-09,Rome EUR,Deposit,3077.8
TRX0568,2026-09-23,2026-09,Turin North,Transfer,5593.63
TRX0569,2026-09-23,2026-09,Rome EUR,Transfer,3870.95
TRX0570,2026-09-25,2026-09,Turin North,Card payment,68.55
TRX0571,2026-09-25,2026-09,Naples Central,Transfer,4293.39
TRX0572,2026-09-26,2026-09,Milan Central,Transfer,4552.36
TRX0573,2026-09-26,2026-09,Naples Central,Card payment,116.14
TRX0574,2026-09-26,2026-09,Rome EUR,Withdrawal,183.62
TRX0575,2026-09-27,2026-09,Milan Central,Withdrawal,768.77
TRX0576,2026-09-27,2026-09,Bologna East,Deposit,236.85
TRX0577,2026-09-27,2026-09,Rome EUR,Deposit,2733.11
TRX0578,2026-09-27,2026-09,Bologna East,Withdrawal,409.21
TRX0579,2026-09-27,2026-09,Milan Central,Card payment,484.65
TRX0580,2026-09-27,2026-09,Milan Central,Withdrawal,317.8
TRX0581,2026-09-28,2026-09,Bologna East,Transfer,1658.58
TRX0582,2026-10-02,2026-10,Milan Central,Deposit,1396.91
TRX0583,2026-10-02,2026-10,Naples Central,Deposit,3009.04
TRX0584,2026-10-02,2026-10,Naples Central,Withdrawal,739.84
TRX0585,2026-10-03,2026-10,Bologna East,Transfer,8898.37
TRX0586,2026-10-03,2026-10,Milan Central,Withdrawal,737.27
TRX0587,2026-10-03,2026-10,Turin North,Card payment,486.33
TRX0588,2026-10-04,2026-10,Rome EUR,Transfer,3584.65
TRX0589,2026-10-04,2026-10,Bologna East,Card payment,71.09
TRX0590,2026-10-05,2026-10,Bologna East,Withdrawal,389.19
TRX0591,2026-10-05,2026-10,Turin North,Transfer,6621.46
TRX0592,2026-10-08,2026-10,Bologna East,Transfer,1130.69
TRX0593,2026-10-08,2026-10,Naples Central,Card payment,113.61
TRX0594,2026-10-08,2026-10,Bologna East,Withdrawal,837.96
TRX0595,2026-10-08,2026-10,Bologna East,Deposit,3706.5
TRX0596,2026-10-10,2026-10,Milan Central,Card payment,300.47
TRX0597,2026-10-10,2026-10,Naples Central,Withdrawal,216.17
TRX0598,2026-10-11,2026-10,Milan Central,Deposit,4377.24
TRX0599,2026-10-11,2026-10,Bologna East,Card payment,25.39
TRX0600,2026-10-11,2026-10,Milan Central,Card payment,410.12
TRX0601,2026-10-12,2026-10,Bologna East,Card payment,144.14
TRX0602,2026-10-12,2026-10,Naples Central,Withdrawal,562.4
TRX0603,2026-10-13,2026-10,Naples Central,Deposit,79.19
TRX0604,2026-10-13,2026-10,Rome EUR,Withdrawal,451.42
TRX0605,2026-10-13,2026-10,Naples Central,Transfer,2966.2
TRX0606,2026-10-13,2026-10,Bologna East,Withdrawal,97.07
TRX0607,2026-10-14,2026-10,Turin North,Card payment,31.51
TRX0608,2026-10-14,2026-10,Bologna East,Withdrawal,646.21
TRX0609,2026-10-14,2026-10,Naples Central,Deposit,4846.82
TRX0610,2026-10-15,2026-10,Milan Central,Withdrawal,128.64
TRX0611,2026-10-15,2026-10,Bologna East,Transfer,6465.62
TRX0612,2026-10-16,2026-10,Naples Central,Transfer,255.74
TRX0613,2026-10-16,2026-10,Turin North,Card payment,393.39
TRX0614,2026-10-16,2026-10,Turin North,Card payment,264.5
TRX0615,2026-10-17,2026-10,Rome EUR,Withdrawal,818.91
TRX0616,2026-10-17,2026-10,Rome EUR,Transfer,3944.97
TRX0617,2026-10-18,2026-10,Turin North,Card payment,217.74
TRX0618,2026-10-18,2026-10,Rome EUR,Card payment,175.4
TRX0619,2026-10-18,2026-10,Milan Central,Card payment,317.82
TRX0620,2026-10-19,2026-10,Milan Central,Card payment,499.79
TRX0621,2026-10-19,2026-10,Bologna East,Withdrawal,330.04
TRX0622,2026-10-19,2026-10,Turin North,Card payment,283.74
TRX0623,2026-10-19,2026-10,Naples Central,Withdrawal,867.96
TRX0624,2026-10-20,2026-10,Bologna East,Card payment,116.72
TRX0625,2026-10-20,2026-10,Milan Central,Withdrawal,885.68
TRX0626,2026-10-20,2026-10,Rome EUR,Withdrawal,475.69
TRX0627,2026-10-20,2026-10,Milan Central,Deposit,4645.85
TRX0628,2026-10-20,2026-10,Naples Central,Card payment,23.55
TRX0629,2026-10-20,2026-10,Milan Central,Transfer,6231.88
TRX0630,2026-10-20,2026-10,Bologna East,Withdrawal,299.22
TRX0631,2026-10-21,2026-10,Turin North,Transfer,4456.98
TRX0632,2026-10-21,2026-10,Milan Central,Card payment,250.59
TRX0633,2026-10-22,2026-10,Bologna East,Transfer,1559.73
TRX0634,2026-10-22,2026-10,Naples Central,Card payment,39.44
TRX0635,2026-10-22,2026-10,Bologna East,Card payment,18.0
TRX0636,2026-10-22,2026-10,Turin North,Card payment,91.87
TRX0637,2026-10-22,2026-10,Turin North,Withdrawal,918.41
TRX0638,2026-10-24,2026-10,Rome EUR,Transfer,1420.75
TRX0639,2026-10-24,2026-10,Bologna East,Deposit,1234.45
TRX0640,2026-10-24,2026-10,Rome EUR,Withdrawal,601.85
TRX0641,2026-10-25,2026-10,Bologna East,Deposit,4776.55
TRX0642,2026-10-25,2026-10,Milan Central,Card payment,124.13
TRX0643,2026-10-26,2026-10,Turin North,Card payment,356.34
TRX0644,2026-10-26,2026-10,Milan Central,Transfer,2315.32
TRX0645,2026-10-27,2026-10,Turin North,Withdrawal,509.32
TRX0646,2026-10-27,2026-10,Bologna East,Card payment,216.24
TRX0647,2026-10-28,2026-10,Naples Central,Card payment,180.63
TRX0648,2026-10-28,2026-10,Milan Central,Card payment,265.13
TRX0649,2026-11-01,2026-11,Naples Central,Card payment,456.2
TRX0650,2026-11-02,2026-11,Turin North,Deposit,383.63
TRX0651,2026-11-02,2026-11,Rome EUR,Card payment,395.36
TRX0652,2026-11-02,2026-11,Milan Central,Card payment,475.06
TRX0653,2026-11-04,2026-11,Turin North,Deposit,4909.34
TRX0654,2026-11-04,2026-11,Turin North,Transfer,2718.21
TRX0655,2026-11-05,2026-11,Rome EUR,Transfer,1266.83
TRX0656,2026-11-05,2026-11,Naples Central,Card payment,482.59
TRX0657,2026-11-05,2026-11,Rome EUR,Transfer,8283.65
TRX0658,2026-11-05,2026-11,Milan Central,Withdrawal,480.1
TRX0659,2026-11-06,2026-11,Milan Central,Card payment,75.68
TRX0660,2026-11-06,2026-11,Milan Central,Withdrawal,408.41
TRX0661,2026-11-07,2026-11,Rome EUR,Card payment,304.48
TRX0662,2026-11-07,2026-11,Bologna East,Withdrawal,265.61
TRX0663,2026-11-08,2026-11,Milan Central,Withdrawal,713.03
TRX0664,2026-11-08,2026-11,Milan Central,Card payment,350.11
TRX0665,2026-11-08,2026-11,Turin North,Transfer,4567.75
TRX0666,2026-11-09,2026-11,Turin North,Withdrawal,961.31
TRX0667,2026-11-09,2026-11,Bologna East,Card payment,405.06
TRX0668,2026-11-09,2026-11,Bologna East,Card payment,244.88
TRX0669,2026-11-09,2026-11,Bologna East,Card payment,283.94
TRX0670,2026-11-10,2026-11,Bologna East,Deposit,249.63
TRX0671,2026-11-10,2026-11,Turin North,Card payment,404.25
TRX0672,2026-11-11,2026-11,Bologna East,Deposit,1603.88
TRX0673,2026-11-11,2026-11,Rome EUR,Card payment,382.86
TRX0674,2026-11-12,2026-11,Turin North,Withdrawal,654.06
TRX0675,2026-11-13,2026-11,Turin North,Deposit,3096.8
TRX0676,2026-11-13,2026-11,Rome EUR,Transfer,2611.14
TRX0677,2026-11-13,2026-11,Naples Central,Card payment,75.37
TRX0678,2026-11-14,2026-11,Bologna East,Deposit,364.46
TRX0679,2026-11-14,2026-11,Naples Central,Deposit,194.5
TRX0680,2026-11-14,2026-11,Naples Central,Transfer,4574.72
TRX0681,2026-11-16,2026-11,Rome EUR,Withdrawal,190.72
TRX0682,2026-11-16,2026-11,Rome EUR,Card payment,270.66
TRX0683,2026-11-16,2026-11,Naples Central,Withdrawal,886.99
TRX0684,2026-11-17,2026-11,Rome EUR,Card payment,231.73
TRX0685,2026-11-17,2026-11,Milan Central,Card payment,335.59
TRX0686,2026-11-17,2026-11,Turin North,Card payment,209.71
TRX0687,2026-11-18,2026-11,Bologna East,Withdrawal,623.73
TRX0688,2026-11-18,2026-11,Rome EUR,Withdrawal,142.67
TRX0689,2026-11-18,2026-11,Rome EUR,Transfer,6454.88
TRX0690,2026-11-19,2026-11,Naples Central,Withdrawal,103.98
TRX0691,2026-11-19,2026-11,Naples Central,Withdrawal,536.4
TRX0692,2026-11-19,2026-11,Turin North,Card payment,215.44
TRX0693,2026-11-20,2026-11,Milan Central,Card payment,395.67
TRX0694,2026-11-20,2026-11,Naples Central,Card payment,103.84
TRX0695,2026-11-20,2026-11,Milan Central,Withdrawal,69.57
TRX0696,2026-11-20,2026-11,Milan Central,Withdrawal,800.3
TRX0697,2026-11-20,2026-11,Rome EUR,Withdrawal,585.81
TRX0698,2026-11-20,2026-11,Turin North,Withdrawal,314.43
TRX0699,2026-11-21,2026-11,Rome EUR,Withdrawal,449.34
TRX0700,2026-11-21,2026-11,Milan Central,Withdrawal,590.68
TRX0701,2026-11-21,2026-11,Rome EUR,Withdrawal,468.08
TRX0702,2026-11-22,2026-11,Turin North,Card payment,315.98
TRX0703,2026-11-22,2026-11,Milan Central,Deposit,801.05
TRX0704,2026-11-22,2026-11,Milan Central,Transfer,3170.68
TRX0705,2026-11-22,2026-11,Naples Central,Deposit,4835.72
TRX0706,2026-11-23,2026-11,Naples Central,Withdrawal,146.37
TRX0707,2026-11-23,2026-11,Rome EUR,Withdrawal,253.91
TRX0708,2026-11-23,2026-11,Bologna East,Withdrawal,235.22
TRX0709,2026-11-24,2026-11,Turin North,Card payment,460.35
TRX0710,2026-11-24,2026-11,Turin North,Card payment,64.12
TRX0711,2026-11-25,2026-11,Bologna East,Transfer,366.47
TRX0712,2026-11-25,2026-11,Naples Central,Withdrawal,870.73
TRX0713,2026-11-26,2026-11,Turin North,Withdrawal,186.58
TRX0714,2026-11-26,2026-11,Bologna East,Withdrawal,586.08
TRX0715,2026-11-26,2026-11,Turin North,Transfer,9306.23
TRX0716,2026-11-27,2026-11,Bologna East,Transfer,3378.38
TRX0717,2026-11-27,2026-11,Rome EUR,Transfer,2445.35
TRX0718,2026-11-27,2026-11,Turin North,Card payment,382.12
TRX0719,2026-11-28,2026-11,Bologna East,Card payment,70.83
TRX0720,2026-11-28,2026-11,Bologna East,Card payment,193.1
TRX0721,2026-12-01,2026-12,Rome EUR,Withdrawal,21.43
TRX0722,2026-12-01,2026-12,Turin North,Card payment,250.72
TRX0723,2026-12-02,2026-12,Bologna East,Deposit,2877.54
TRX0724,2026-12-02,2026-12,Bologna East,Card payment,373.86
TRX0725,2026-12-03,2026-12,Naples Central,Deposit,3192.46
TRX0726,2026-12-03,2026-12,Rome EUR,Withdrawal,271.52
TRX0727,2026-12-03,2026-12,Bologna East,Card payment,324.83
TRX0728,2026-12-04,2026-12,Bologna East,Deposit,3618.16
TRX0729,2026-12-04,2026-12,Milan Central,Withdrawal,852.2
TRX0730,2026-12-04,2026-12,Naples Central,Deposit,4576.48
TRX0731,2026-12-05,2026-12,Rome EUR,Deposit,1593.86
TRX0732,2026-12-05,2026-12,Rome EUR,Transfer,4349.47
TRX0733,2026-12-05,2026-12,Milan Central,Deposit,4240.08
TRX0734,2026-12-06,2026-12,Milan Central,Transfer,7392.52
TRX0735,2026-12-06,2026-12,Rome EUR,Deposit,344.8
TRX0736,2026-12-06,2026-12,Milan Central,Card payment,145.47
TRX0737,2026-12-06,2026-12,Naples Central,Card payment,460.17
TRX0738,2026-12-07,2026-12,Naples Central,Transfer,3210.41
TRX0739,2026-12-07,2026-12,Naples Central,Card payment,399.85
TRX0740,2026-12-07,2026-12,Naples Central,Card payment,457.99
TRX0741,2026-12-08,2026-12,Turin North,Deposit,2338.19
TRX0742,2026-12-09,2026-12,Bologna East,Card payment,10.02
TRX0743,2026-12-09,2026-12,Rome EUR,Card payment,65.33
TRX0744,2026-12-09,2026-12,Milan Central,Card payment,94.31
TRX0745,2026-12-10,2026-12,Bologna East,Card payment,158.1
TRX0746,2026-12-10,2026-12,Bologna East,Deposit,3541.79
TRX0747,2026-12-11,2026-12,Turin North,Transfer,6906.22
TRX0748,2026-12-11,2026-12,Rome EUR,Withdrawal,829.48
TRX0749,2026-12-11,2026-12,Turin North,Card payment,169.87
TRX0750,2026-12-11,2026-12,Naples Central,Deposit,4021.06
TRX0751,2026-12-11,2026-12,Naples Central,Card payment,10.64
TRX0752,2026-12-12,2026-12,Naples Central,Card payment,274.54
TRX0753,2026-12-12,2026-12,Turin North,Deposit,2804.04
TRX0754,2026-12-12,2026-12,Bologna East,Card payment,18.96
TRX0755,2026-12-12,2026-12,Bologna East,Card payment,318.22
TRX0756,2026-12-14,2026-12,Turin North,Withdrawal,216.78
TRX0757,2026-12-15,2026-12,Bologna East,Withdrawal,711.55
TRX0758,2026-12-15,2026-12,Bologna East,Card payment,113.18
TRX0759,2026-12-15,2026-12,Milan Central,Deposit,4501.37
TRX0760,2026-12-15,2026-12,Naples Central,Deposit,2644.14
TRX0761,2026-12-15,2026-12,Rome EUR,Withdrawal,458.19
TRX0762,2026-12-16,2026-12,Rome EUR,Transfer,9151.87
TRX0763,2026-12-16,2026-12,Naples Central,Card payment,226.85
TRX0764,2026-12-16,2026-12,Milan Central,Withdrawal,687.57
TRX0765,2026-12-16,2026-12,Naples Central,Deposit,3095.97
TRX0766,2026-12-16,2026-12,Turin North,Card payment,406.69
TRX0767,2026-12-17,2026-12,Turin North,Card payment,175.76
TRX0768,2026-12-17,2026-12,Bologna East,Withdrawal,588.91
TRX0769,2026-12-17,2026-12,Naples Central,Card payment,29.86
TRX0770,2026-12-18,2026-12,Rome EUR,Withdrawal,364.77
TRX0771,2026-12-18,2026-12,Turin North,Card payment,288.12
TRX0772,2026-12-18,2026-12,Turin North,Card payment,139.81
TRX0773,2026-12-19,2026-12,Naples Central,Card payment,139.19
TRX0774,2026-12-20,2026-12,Rome EUR,Card payment,115.5
TRX0775,2026-12-20,2026-12,Bologna East,Transfer,4290.22
TRX0776,2026-12-21,2026-12,Rome EUR,Withdrawal,204.59
TRX0777,2026-12-21,2026-12,Naples Central,Card payment,298.93
TRX0778,2026-12-21,2026-12,Naples Central,Transfer,4662.21
TRX0779,2026-12-22,2026-12,Milan Central,Card payment,306.52
TRX0780,2026-12-22,2026-12,Rome EUR,Withdrawal,617.88
TRX0781,2026-12-22,2026-12,Bologna East,Card payment,112.42
TRX0782,2026-12-23,2026-12,Turin North,Card payment,397.88
TRX0783,2026-12-23,2026-12,Naples Central,Deposit,1628.6
TRX0784,2026-12-23,2026-12,Bologna East,Withdrawal,430.74
TRX0785,2026-12-24,2026-12,Rome EUR,Card payment,56.45
TRX0786,2026-12-24,2026-12,Milan Central,Deposit,2528.92
TRX0787,2026-12-25,2026-12,Naples Central,Withdrawal,874.94
TRX0788,2026-12-25,2026-12,Turin North,Withdrawal,440.65
TRX0789,2026-12-25,2026-12,Bologna East,Deposit,4054.77
TRX0790,2026-12-25,2026-12,Milan Central,Withdrawal,51.57
TRX0791,2026-12-25,2026-12,Rome EUR,Card payment,346.69
TRX0792,2026-12-26,2026-12,Turin North,Deposit,3711.29
TRX0793,2026-12-26,2026-12,Milan Central,Withdrawal,105.29
TRX0794,2026-12-26,2026-12,Naples Central,Card payment,196.11
TRX0795,2026-12-26,2026-12,Bologna East,Card payment,332.63
TRX0796,2026-12-27,2026-12,Naples Central,Transfer,4938.13
TRX0797,2026-12-27,2026-12,Turin North,Withdrawal,311.75
TRX0798,2026-12-27,2026-12,Naples Central,Card payment,464.79
TRX0799,2026-12-28,2026-12,Rome EUR,Deposit,4389.88
TRX0800,2026-12-28,2026-12,Rome EUR,Card payment,487.81
